Order_Number,Order_Date,Delivery_Date,Customer_ID,Customer_Name,Product_Code,Product_Name,Quantity,Unit_Price,Total_Amount,Currency,Region,Status,Sales_Rep
SO000001,2024-04-12,2024-05-08,CUST00093,Customer CUST00093,PRD075,Product H,61,302.46,18449.85,USD,South,Open,REP11
SO000002,2024-03-28,2024-04-24,CUST00100,Customer CUST00100,PRD030,Product H,24,328.94,7894.45,USD,Central,Cancelled,REP06
SO000003,2024-07-10,2024-08-06,CUST00033,Customer CUST00033,PRD059,Product J,22,13.46,296.17,USD,North,In Process,REP10
SO000004,2024-07-06,2024-07-28,CUST00015,Customer CUST00015,PRD051,Product C,55,491.78,27048.07,USD,North,Open,REP07
SO000005,2024-01-21,2024-02-05,CUST00039,Customer CUST00039,PRD090,Product B,4,471.68,1886.72,USD,South,In Process,REP02
SO000006,2024-12-05,2024-12-26,CUST00060,Customer CUST00060,PRD036,Product G,44,252.64,11116.01,USD,East,Cancelled,REP18
SO000007,2024-12-25,2025-01-04,CUST00002,Customer CUST00002,PRD090,Product F,54,277.89,15005.95,USD,Central,Cancelled,REP12
SO000008,2024-06-10,2024-06-26,CUST00062,Customer CUST00062,PRD040,Product D,14,366.36,5129.09,USD,West,Open,REP16
SO000009,2024-08-24,2024-09-17,CUST00053,Customer CUST00053,PRD041,Product H,26,482.98,12557.35,USD,West,Delivered,REP15
SO000010,2024-10-27,2024-11-03,CUST00089,Customer CUST00089,PRD063,Product G,9,388.4,3495.6,USD,West,In Process,REP11
SO000011,2024-03-21,2024-04-04,CUST00035,Customer CUST00035,PRD041,Product C,33,306.92,10128.37,USD,South,In Process,REP07
SO000012,2024-07-19,2024-08-02,CUST00012,Customer CUST00012,PRD086,Product B,33,41.14,1357.74,USD,Central,Delivered,REP03
SO000013,2024-08-14,2024-08-25,CUST00047,Customer CUST00047,PRD015,Product C,1,363.65,363.65,USD,East,Delivered,REP10
SO000014,2024-06-27,2024-07-10,CUST00052,Customer CUST00052,PRD029,Product D,94,78.27,7357.61,USD,Central,Delivered,REP04
SO000015,2024-01-13,2024-01-26,CUST00059,Customer CUST00059,PRD057,Product C,86,441.43,37962.91,USD,South,Delivered,REP06
SO000016,2024-10-10,2024-10-28,CUST00044,Customer CUST00044,PRD089,Product D,30,442.81,13284.22,USD,South,Open,REP07
SO000017,2024-07-08,2024-07-15,CUST00001,Customer CUST00001,PRD003,Product I,27,219.28,5920.64,USD,West,In Process,REP07
SO000018,2024-07-16,2024-07-30,CUST00027,Customer CUST00027,PRD024,Product I,62,118.83,7367.64,USD,East,In Process,REP15
SO000019,2024-11-10,2024-12-08,CUST00032,Customer CUST00032,PRD012,Product H,52,188.18,9785.28,USD,North,In Process,REP07
SO000020,2024-04-22,2024-05-03,CUST00056,Customer CUST00056,PRD087,Product A,59,308.69,18212.5,USD,South,In Process,REP05
SO000021,2024-08-11,2024-08-18,CUST00001,Customer CUST00001,PRD032,Product C,2,270.16,540.32,USD,South,Cancelled,REP04
SO000022,2024-07-21,2024-08-13,CUST00038,Customer CUST00038,PRD016,Product H,69,319.83,22068.26,USD,East,Delivered,REP01
SO000023,2024-07-19,2024-07-31,CUST00080,Customer CUST00080,PRD067,Product C,20,169.72,3394.4,USD,West,Open,REP19
SO000024,2024-05-27,2024-06-09,CUST00052,Customer CUST00052,PRD011,Product I,33,204.81,6758.74,USD,South,Delivered,REP18
SO000025,2024-05-30,2024-06-15,CUST00099,Customer CUST00099,PRD002,Product G,16,410.44,6567.02,USD,North,Delivered,REP01
SO000026,2024-10-30,2024-11-17,CUST00069,Customer CUST00069,PRD019,Product E,32,320.22,10247.03,USD,North,In Process,REP16
SO000027,2024-07-26,2024-08-04,CUST00020,Customer CUST00020,PRD072,Product H,54,392.14,21175.51,USD,West,Open,REP04
SO000028,2024-04-13,2024-05-09,CUST00099,Customer CUST00099,PRD082,Product I,99,487.1,48222.43,USD,South,Open,REP02
SO000029,2024-11-05,2024-11-14,CUST00080,Customer CUST00080,PRD008,Product I,33,18.86,622.28,USD,Central,Open,REP07
SO000030,2024-07-13,2024-08-05,CUST00033,Customer CUST00033,PRD008,Product C,86,139.95,12035.63,USD,Central,In Process,REP02
SO000031,2024-10-03,2024-10-10,CUST00028,Customer CUST00028,PRD064,Product A,69,122.79,8472.56,USD,East,Delivered,REP17
SO000032,2024-01-17,2024-02-04,CUST00092,Customer CUST00092,PRD093,Product E,6,191.38,1148.27,USD,North,Cancelled,REP17
SO000033,2024-10-28,2024-11-24,CUST00095,Customer CUST00095,PRD087,Product C,60,427.97,25678.48,USD,Central,In Process,REP01
SO000034,2024-09-12,2024-09-21,CUST00018,Customer CUST00018,PRD024,Product I,95,423.66,40248.12,USD,East,Delivered,REP18
SO000035,2024-10-14,2024-11-04,CUST00086,Customer CUST00086,PRD017,Product G,66,134.54,8879.65,USD,South,Delivered,REP08
SO000036,2024-10-25,2024-11-22,CUST00048,Customer CUST00048,PRD025,Product G,93,155.29,14441.97,USD,South,Delivered,REP13
SO000037,2024-11-11,2024-11-24,CUST00057,Customer CUST00057,PRD015,Product D,45,105.19,4733.74,USD,West,Delivered,REP02
SO000038,2024-11-17,2024-12-16,CUST00063,Customer CUST00063,PRD058,Product F,51,238.14,12145.29,USD,Central,Delivered,REP17
SO000039,2024-06-28,2024-07-14,CUST00070,Customer CUST00070,PRD005,Product F,60,170.06,10203.55,USD,Central,In Process,REP07
SO000040,2024-07-14,2024-07-26,CUST00096,Customer CUST00096,PRD030,Product D,94,274.91,25841.65,USD,West,Open,REP19
SO000041,2024-05-24,2024-06-18,CUST00092,Customer CUST00092,PRD023,Product J,55,132.92,7310.69,USD,South,Cancelled,REP09
SO000042,2024-05-08,2024-05-15,CUST00034,Customer CUST00034,PRD016,Product F,48,99.6,4781.01,USD,Central,In Process,REP07
SO000043,2024-07-10,2024-07-21,CUST00022,Customer CUST00022,PRD057,Product G,67,131.39,8803.01,USD,East,Delivered,REP14
SO000044,2024-08-07,2024-08-18,CUST00047,Customer CUST00047,PRD016,Product A,94,429.18,40342.51,USD,West,Open,REP16
SO000045,2024-12-06,2024-12-19,CUST00100,Customer CUST00100,PRD069,Product A,94,328.39,30868.58,USD,South,Delivered,REP04
SO000046,2024-10-16,2024-11-11,CUST00095,Customer CUST00095,PRD004,Product J,19,256.54,4874.2,USD,North,Delivered,REP16
SO000047,2024-10-06,2024-10-28,CUST00002,Customer CUST00002,PRD012,Product A,92,297.03,27326.76,USD,East,Delivered,REP18
SO000048,2024-06-11,2024-06-18,CUST00033,Customer CUST00033,PRD040,Product C,43,471.32,20266.66,USD,East,Delivered,REP10
SO000049,2024-02-12,2024-03-01,CUST00029,Customer CUST00029,PRD026,Product B,35,174.91,6121.9,USD,South,In Process,REP10
SO000050,2024-03-30,2024-04-07,CUST00007,Customer CUST00007,PRD036,Product D,58,351.4,20381.27,USD,Central,Cancelled,REP04
SO000051,2024-12-22,2025-01-06,CUST00024,Customer CUST00024,PRD096,Product C,49,368.51,18056.86,USD,West,In Process,REP05
SO000052,2024-09-24,2024-10-17,CUST00055,Customer CUST00055,PRD084,Product G,89,126.74,11279.48,USD,North,Delivered,REP16
SO000053,2024-08-04,2024-09-01,CUST00013,Customer CUST00013,PRD076,Product C,49,36.21,1774.18,USD,Central,Cancelled,REP09
SO000054,2024-10-10,2024-10-30,CUST00095,Customer CUST00095,PRD012,Product D,83,251.58,20881.35,USD,Central,Open,REP04
SO000055,2024-02-22,2024-03-22,CUST00016,Customer CUST00016,PRD014,Product I,39,54.69,2132.95,USD,South,Cancelled,REP05
SO000056,2024-06-11,2024-07-10,CUST00093,Customer CUST00093,PRD007,Product B,76,347.13,26382.24,USD,South,Delivered,REP14
SO000057,2024-05-20,2024-06-03,CUST00042,Customer CUST00042,PRD037,Product I,50,447.03,22351.47,USD,South,Open,REP06
SO000058,2024-12-04,2024-12-18,CUST00065,Customer CUST00065,PRD036,Product F,17,474.15,8060.58,USD,North,Delivered,REP06
SO000059,2024-09-08,2024-10-03,CUST00061,Customer CUST00061,PRD067,Product F,39,217.87,8496.88,USD,South,In Process,REP13
SO000060,2024-05-20,2024-06-13,CUST00092,Customer CUST00092,PRD039,Product J,20,68.22,1364.42,USD,Central,Delivered,REP01
SO000061,2024-12-13,2025-01-05,CUST00025,Customer CUST00025,PRD032,Product H,33,119.56,3945.54,USD,South,Open,REP13
SO000062,2024-11-12,2024-12-03,CUST00021,Customer CUST00021,PRD019,Product F,85,496.55,42206.98,USD,Central,In Process,REP18
SO000063,2024-02-16,2024-03-02,CUST00049,Customer CUST00049,PRD074,Product A,54,296.31,16000.96,USD,North,Cancelled,REP16
SO000064,2024-12-23,2025-01-10,CUST00024,Customer CUST00024,PRD058,Product E,8,93.14,745.15,USD,West,In Process,REP18
SO000065,2024-01-28,2024-02-08,CUST00041,Customer CUST00041,PRD084,Product D,64,232.09,14853.63,USD,North,In Process,REP13
SO000066,2024-08-07,2024-08-29,CUST00029,Customer CUST00029,PRD066,Product C,6,475.4,2852.41,USD,Central,Delivered,REP10
SO000067,2024-11-07,2024-12-01,CUST00005,Customer CUST00005,PRD049,Product G,33,391.03,12903.83,USD,South,Cancelled,REP11
SO000068,2024-12-06,2025-01-03,CUST00059,Customer CUST00059,PRD001,Product A,77,41.12,3166.3,USD,North,In Process,REP16
SO000069,2024-11-06,2024-11-18,CUST00092,Customer CUST00092,PRD053,Product A,69,499.86,34490.45,USD,East,Delivered,REP05
SO000070,2024-07-20,2024-08-05,CUST00083,Customer CUST00083,PRD077,Product A,85,230.77,19615.16,USD,North,Cancelled,REP04
SO000071,2024-10-14,2024-10-22,CUST00092,Customer CUST00092,PRD003,Product H,39,339.07,13223.76,USD,South,In Process,REP18
SO000072,2024-09-24,2024-10-01,CUST00054,Customer CUST00054,PRD047,Product E,94,439.56,41318.66,USD,North,Delivered,REP15
SO000073,2024-08-16,2024-09-12,CUST00014,Customer CUST00014,PRD050,Product B,75,114.35,8576.43,USD,West,Cancelled,REP02
SO000074,2024-12-03,2024-12-24,CUST00091,Customer CUST00091,PRD088,Product C,63,365.93,23053.88,USD,North,Delivered,REP15
SO000075,2024-01-30,2024-02-28,CUST00051,Customer CUST00051,PRD074,Product A,5,400.27,2001.36,USD,South,Cancelled,REP17
SO000076,2024-12-05,2024-12-16,CUST00034,Customer CUST00034,PRD075,Product F,53,180.23,9552.33,USD,East,Delivered,REP19
SO000077,2024-04-20,2024-05-19,CUST00055,Customer CUST00055,PRD067,Product F,16,324.03,5184.46,USD,West,In Process,REP03
SO000078,2024-06-03,2024-06-27,CUST00061,Customer CUST00061,PRD042,Product J,51,30.03,1531.31,USD,Central,In Process,REP06
SO000079,2024-01-01,2024-01-12,CUST00012,Customer CUST00012,PRD073,Product J,46,188.49,8670.64,USD,South,Delivered,REP15
SO000080,2024-04-30,2024-05-28,CUST00056,Customer CUST00056,PRD052,Product A,26,435.47,11322.16,USD,North,Delivered,REP15
SO000081,2024-10-29,2024-11-26,CUST00014,Customer CUST00014,PRD014,Product J,28,190.77,5341.5,USD,South,Delivered,REP19
SO000082,2024-01-07,2024-01-16,CUST00023,Customer CUST00023,PRD028,Product B,38,270.98,10297.33,USD,North,Delivered,REP10
SO000083,2024-02-08,2024-03-02,CUST00086,Customer CUST00086,PRD068,Product J,44,124.28,5468.15,USD,Central,Delivered,REP10
SO000084,2024-03-07,2024-03-22,CUST00018,Customer CUST00018,PRD042,Product D,86,297.55,25589.48,USD,North,Delivered,REP09
SO000085,2024-04-10,2024-04-22,CUST00052,Customer CUST00052,PRD033,Product J,64,289.68,18539.61,USD,East,Cancelled,REP06
SO000086,2024-03-10,2024-04-08,CUST00004,Customer CUST00004,PRD040,Product H,55,422.73,23250.36,USD,East,Delivered,REP05
SO000087,2024-02-05,2024-02-17,CUST00066,Customer CUST00066,PRD051,Product D,92,459.52,42276.19,USD,North,In Process,REP02
SO000088,2024-11-30,2024-12-17,CUST00008,Customer CUST00008,PRD068,Product J,51,420.91,21466.18,USD,Central,Open,REP19
SO000089,2024-07-30,2024-08-06,CUST00020,Customer CUST00020,PRD038,Product A,12,66.27,795.24,USD,South,Delivered,REP05
SO000090,2024-05-18,2024-05-28,CUST00077,Customer CUST00077,PRD010,Product C,33,190.92,6300.46,USD,South,Delivered,REP12
SO000091,2024-01-13,2024-01-27,CUST00002,Customer CUST00002,PRD075,Product D,65,78.02,5071.57,USD,North,Delivered,REP15
SO000092,2024-02-07,2024-03-07,CUST00035,Customer CUST00035,PRD075,Product A,69,417.0,28773.24,USD,West,In Process,REP09
SO000093,2024-03-16,2024-03-25,CUST00035,Customer CUST00035,PRD072,Product A,40,363.58,14543.29,USD,West,Delivered,REP11
SO000094,2024-12-26,2025-01-06,CUST00014,Customer CUST00014,PRD026,Product C,85,101.34,8613.77,USD,East,Delivered,REP04
SO000095,2024-03-29,2024-04-17,CUST00042,Customer CUST00042,PRD097,Product I,18,410.13,7382.41,USD,East,Delivered,REP15
SO000096,2024-06-01,2024-06-24,CUST00097,Customer CUST00097,PRD070,Product G,66,276.34,18238.5,USD,East,Delivered,REP06
SO000097,2024-03-07,2024-03-20,CUST00051,Customer CUST00051,PRD094,Product H,42,78.24,3286.22,USD,Central,In Process,REP07
SO000098,2024-06-05,2024-06-17,CUST00057,Customer CUST00057,PRD010,Product A,27,374.53,10112.41,USD,West,Delivered,REP05
SO000099,2024-05-02,2024-05-18,CUST00097,Customer CUST00097,PRD052,Product F,38,272.88,10369.28,USD,West,In Process,REP15
SO000100,2024-06-05,2024-06-19,CUST00005,Customer CUST00005,PRD036,Product D,76,388.22,29504.88,USD,East,Delivered,REP04
SO000101,2024-10-08,2024-10-25,CUST00027,Customer CUST00027,PRD006,Product E,20,98.98,1979.66,USD,South,In Process,REP08
SO000102,2024-01-23,2024-02-13,CUST00090,Customer CUST00090,PRD060,Product J,13,78.17,1016.17,USD,South,Delivered,REP11
SO000103,2024-12-21,2025-01-12,CUST00068,Customer CUST00068,PRD031,Product E,37,356.55,13192.24,USD,South,Delivered,REP09
SO000104,2024-02-20,2024-03-11,CUST00040,Customer CUST00040,PRD021,Product I,86,456.24,39236.32,USD,North,Open,REP14
SO000105,2024-06-30,2024-07-29,CUST00057,Customer CUST00057,PRD021,Product A,63,162.61,10244.28,USD,East,Delivered,REP15
SO000106,2024-11-04,2024-11-19,CUST00074,Customer CUST00074,PRD025,Product D,57,12.27,699.37,USD,North,Open,REP11
SO000107,2024-10-20,2024-10-28,CUST00007,Customer CUST00007,PRD059,Product B,91,371.38,33795.18,USD,North,Delivered,REP12
SO000108,2024-09-07,2024-10-02,CUST00054,Customer CUST00054,PRD049,Product H,25,254.2,6355.01,USD,Central,Cancelled,REP11
SO000109,2024-05-29,2024-06-22,CUST00085,Customer CUST00085,PRD086,Product A,71,488.02,34649.08,USD,North,Open,REP08
SO000110,2024-02-18,2024-03-02,CUST00001,Customer CUST00001,PRD030,Product G,51,112.85,5755.54,USD,East,In Process,REP17
SO000111,2024-10-12,2024-11-03,CUST00040,Customer CUST00040,PRD066,Product C,18,154.08,2773.47,USD,East,In Process,REP17
SO000112,2024-04-23,2024-05-05,CUST00051,Customer CUST00051,PRD074,Product D,1,173.84,173.84,USD,East,In Process,REP19
SO000113,2024-06-10,2024-06-17,CUST00087,Customer CUST00087,PRD057,Product G,92,421.5,38777.68,USD,Central,In Process,REP03
SO000114,2024-09-11,2024-09-25,CUST00054,Customer CUST00054,PRD034,Product I,67,444.86,29805.33,USD,West,In Process,REP03
SO000115,2024-04-05,2024-04-25,CUST00032,Customer CUST00032,PRD054,Product H,46,416.81,19173.16,USD,West,Cancelled,REP14
SO000116,2024-08-10,2024-09-08,CUST00048,Customer CUST00048,PRD019,Product B,7,320.29,2242.02,USD,North,In Process,REP16
SO000117,2024-02-05,2024-02-29,CUST00002,Customer CUST00002,PRD002,Product A,47,316.13,14858.25,USD,East,In Process,REP03
SO000118,2024-04-28,2024-05-16,CUST00020,Customer CUST00020,PRD044,Product E,37,210.61,7792.63,USD,North,In Process,REP03
SO000119,2024-12-07,2024-12-25,CUST00024,Customer CUST00024,PRD096,Product A,74,287.23,21255.06,USD,East,Delivered,REP17
SO000120,2024-04-24,2024-05-17,CUST00014,Customer CUST00014,PRD022,Product I,40,352.43,14097.38,USD,North,In Process,REP11
SO000121,2024-01-04,2024-01-23,CUST00098,Customer CUST00098,PRD042,Product G,37,19.01,703.42,USD,South,Delivered,REP04
SO000122,2024-02-10,2024-02-22,CUST00034,Customer CUST00034,PRD086,Product A,37,329.2,12180.25,USD,South,Delivered,REP06
SO000123,2024-08-06,2024-08-20,CUST00098,Customer CUST00098,PRD085,Product I,53,95.93,5084.39,USD,Central,Delivered,REP14
SO000124,2024-03-04,2024-03-12,CUST00054,Customer CUST00054,PRD021,Product A,51,54.27,2767.52,USD,East,In Process,REP11
SO000125,2024-10-22,2024-11-08,CUST00036,Customer CUST00036,PRD055,Product A,59,155.59,9179.79,USD,East,Cancelled,REP15
SO000126,2024-05-31,2024-06-28,CUST00022,Customer CUST00022,PRD083,Product E,56,115.32,6457.96,USD,West,Delivered,REP03
SO000127,2024-08-31,2024-09-17,CUST00081,Customer CUST00081,PRD040,Product B,73,387.75,28305.53,USD,Central,In Process,REP17
SO000128,2024-05-08,2024-05-25,CUST00042,Customer CUST00042,PRD044,Product I,39,47.21,1841.09,USD,South,Delivered,REP19
SO000129,2024-04-11,2024-04-19,CUST00012,Customer CUST00012,PRD074,Product C,44,405.64,17848.2,USD,North,Open,REP17
SO000130,2024-10-29,2024-11-16,CUST00062,Customer CUST00062,PRD080,Product H,83,368.79,30609.59,USD,Central,Delivered,REP06
SO000131,2024-07-18,2024-08-11,CUST00089,Customer CUST00089,PRD017,Product J,26,29.32,762.3,USD,South,Delivered,REP07
SO000132,2024-09-26,2024-10-17,CUST00007,Customer CUST00007,PRD082,Product I,48,66.49,3191.43,USD,East,Cancelled,REP07
SO000133,2024-04-12,2024-05-05,CUST00014,Customer CUST00014,PRD037,Product H,99,284.73,28188.45,USD,Central,Open,REP11
SO000134,2024-07-01,2024-07-30,CUST00039,Customer CUST00039,PRD033,Product H,4,397.45,1589.82,USD,North,Delivered,REP16
SO000135,2024-04-17,2024-04-25,CUST00055,Customer CUST00055,PRD013,Product C,42,495.27,20801.22,USD,East,Delivered,REP18
SO000136,2024-04-05,2024-04-14,CUST00039,Customer CUST00039,PRD057,Product D,29,385.92,11191.75,USD,Central,Open,REP16
SO000137,2024-08-23,2024-09-13,CUST00010,Customer CUST00010,PRD014,Product I,84,371.42,31198.89,USD,North,Open,REP18
SO000138,2024-11-19,2024-12-13,CUST00062,Customer CUST00062,PRD073,Product E,25,145.86,3646.5,USD,Central,Cancelled,REP15
SO000139,2024-10-31,2024-11-10,CUST00012,Customer CUST00012,PRD039,Product J,37,395.31,14626.44,USD,East,Delivered,REP14
SO000140,2024-12-09,2024-12-26,CUST00062,Customer CUST00062,PRD020,Product B,25,374.24,9356.07,USD,West,In Process,REP19
SO000141,2024-11-25,2024-12-12,CUST00098,Customer CUST00098,PRD006,Product I,90,28.0,2519.88,USD,South,Delivered,REP05
SO000142,2024-09-17,2024-10-15,CUST00047,Customer CUST00047,PRD061,Product G,49,263.95,12933.43,USD,West,Cancelled,REP10
SO000143,2024-06-26,2024-07-20,CUST00062,Customer CUST00062,PRD089,Product A,88,449.74,39577.45,USD,East,In Process,REP09
SO000144,2024-03-08,2024-03-28,CUST00098,Customer CUST00098,PRD067,Product I,56,140.14,7848.07,USD,West,In Process,REP02
SO000145,2024-11-27,2024-12-13,CUST00009,Customer CUST00009,PRD079,Product H,25,279.92,6998.0,USD,East,In Process,REP06
SO000146,2024-11-23,2024-12-04,CUST00048,Customer CUST00048,PRD028,Product J,18,49.71,894.83,USD,West,Open,REP05
SO000147,2024-03-21,2024-04-14,CUST00040,Customer CUST00040,PRD077,Product C,58,289.95,16816.88,USD,South,Delivered,REP13
SO000148,2024-10-15,2024-10-27,CUST00088,Customer CUST00088,PRD048,Product C,80,332.64,26611.31,USD,North,Open,REP09
SO000149,2024-09-25,2024-10-12,CUST00045,Customer CUST00045,PRD007,Product I,53,343.27,18193.26,USD,East,Delivered,REP05
SO000150,2024-08-22,2024-09-10,CUST00058,Customer CUST00058,PRD053,Product I,31,414.65,12854.16,USD,South,Delivered,REP07
SO000151,2024-03-22,2024-04-01,CUST00002,Customer CUST00002,PRD017,Product G,66,150.65,9942.81,USD,East,Cancelled,REP08
SO000152,2024-08-10,2024-08-18,CUST00060,Customer CUST00060,PRD074,Product H,35,72.94,2552.9,USD,East,Delivered,REP09
SO000153,2024-08-11,2024-08-19,CUST00063,Customer CUST00063,PRD068,Product E,93,396.52,36875.93,USD,West,Delivered,REP17
SO000154,2024-01-12,2024-02-09,CUST00017,Customer CUST00017,PRD014,Product J,65,38.38,2494.77,USD,East,Delivered,REP15
SO000155,2024-10-11,2024-10-29,CUST00036,Customer CUST00036,PRD006,Product C,52,381.55,19840.55,USD,Central,Open,REP15
SO000156,2024-03-19,2024-04-13,CUST00075,Customer CUST00075,PRD081,Product J,87,228.49,19878.83,USD,South,Cancelled,REP03
SO000157,2024-02-08,2024-02-29,CUST00029,Customer CUST00029,PRD027,Product D,32,50.37,1611.73,USD,West,Delivered,REP03
SO000158,2024-12-02,2024-12-20,CUST00056,Customer CUST00056,PRD019,Product E,47,215.67,10136.32,USD,East,Cancelled,REP05
SO000159,2024-09-13,2024-09-25,CUST00015,Customer CUST00015,PRD012,Product B,61,108.18,6598.73,USD,North,Delivered,REP18
SO000160,2024-09-27,2024-10-15,CUST00080,Customer CUST00080,PRD008,Product H,60,100.91,6054.45,USD,North,Open,REP15
SO000161,2024-01-27,2024-02-16,CUST00050,Customer CUST00050,PRD060,Product D,71,316.85,22496.2,USD,West,Open,REP03
SO000162,2024-02-15,2024-03-07,CUST00025,Customer CUST00025,PRD038,Product G,17,307.58,5228.86,USD,West,In Process,REP16
SO000163,2024-11-14,2024-12-12,CUST00002,Customer CUST00002,PRD021,Product H,72,162.08,11669.57,USD,Central,Open,REP18
SO000164,2024-11-15,2024-12-09,CUST00095,Customer CUST00095,PRD041,Product F,32,331.92,10621.51,USD,North,Delivered,REP08
SO000165,2024-09-23,2024-10-21,CUST00051,Customer CUST00051,PRD079,Product H,41,128.6,5272.68,USD,North,Delivered,REP16
SO000166,2024-11-05,2024-12-03,CUST00092,Customer CUST00092,PRD002,Product D,33,284.23,9379.52,USD,South,In Process,REP01
SO000167,2024-10-15,2024-10-30,CUST00077,Customer CUST00077,PRD090,Product A,77,48.5,3734.77,USD,South,Cancelled,REP14
SO000168,2024-05-01,2024-05-25,CUST00015,Customer CUST00015,PRD006,Product B,44,61.24,2694.48,USD,East,Open,REP09
SO000169,2024-09-18,2024-10-03,CUST00095,Customer CUST00095,PRD084,Product I,76,436.77,33194.89,USD,South,Delivered,REP15
SO000170,2024-09-07,2024-09-20,CUST00075,Customer CUST00075,PRD003,Product D,80,278.32,22265.62,USD,South,Delivered,REP09
SO000171,2024-07-06,2024-07-22,CUST00014,Customer CUST00014,PRD019,Product B,12,131.08,1572.97,USD,Central,In Process,REP14
SO000172,2024-12-21,2025-01-09,CUST00008,Customer CUST00008,PRD070,Product G,53,332.77,17636.64,USD,East,Open,REP18
SO000173,2024-07-29,2024-08-26,CUST00037,Customer CUST00037,PRD061,Product H,59,328.66,19390.92,USD,South,In Process,REP15
SO000174,2024-12-18,2024-12-31,CUST00076,Customer CUST00076,PRD020,Product A,94,480.78,45193.55,USD,South,Delivered,REP05
SO000175,2024-01-04,2024-01-22,CUST00020,Customer CUST00020,PRD098,Product H,50,434.85,21742.27,USD,North,In Process,REP04
SO000176,2024-03-06,2024-03-27,CUST00034,Customer CUST00034,PRD012,Product D,6,330.95,1985.73,USD,East,Delivered,REP03
SO000177,2024-08-24,2024-09-17,CUST00040,Customer CUST00040,PRD094,Product E,15,125.54,1883.07,USD,South,Delivered,REP10
SO000178,2024-01-14,2024-02-03,CUST00002,Customer CUST00002,PRD060,Product G,37,428.65,15860.0,USD,Central,In Process,REP15
SO000179,2024-01-14,2024-01-27,CUST00089,Customer CUST00089,PRD028,Product D,2,56.68,113.36,USD,North,In Process,REP02
SO000180,2024-06-11,2024-06-22,CUST00005,Customer CUST00005,PRD047,Product A,40,303.37,12134.79,USD,West,Cancelled,REP11
SO000181,2024-01-10,2024-01-19,CUST00014,Customer CUST00014,PRD020,Product J,93,175.13,16287.23,USD,North,In Process,REP08
SO000182,2024-06-19,2024-07-07,CUST00001,Customer CUST00001,PRD037,Product I,64,186.03,11906.1,USD,West,Open,REP15
SO000183,2024-07-22,2024-08-02,CUST00049,Customer CUST00049,PRD020,Product A,44,228.72,10063.71,USD,West,Delivered,REP18
SO000184,2024-11-29,2024-12-07,CUST00073,Customer CUST00073,PRD070,Product E,20,35.33,706.63,USD,North,Open,REP05
SO000185,2024-09-01,2024-09-12,CUST00033,Customer CUST00033,PRD088,Product A,51,30.37,1548.91,USD,South,In Process,REP11
SO000186,2024-05-05,2024-05-13,CUST00089,Customer CUST00089,PRD044,Product B,29,435.28,12623.12,USD,East,In Process,REP06
SO000187,2024-12-05,2025-01-03,CUST00045,Customer CUST00045,PRD085,Product D,80,470.51,37640.94,USD,West,Delivered,REP01
SO000188,2024-09-20,2024-10-02,CUST00005,Customer CUST00005,PRD030,Product F,47,349.39,16421.18,USD,South,In Process,REP18
SO000189,2024-05-24,2024-06-07,CUST00047,Customer CUST00047,PRD033,Product H,76,65.42,4972.21,USD,North,Delivered,REP01
SO000190,2024-05-26,2024-06-17,CUST00014,Customer CUST00014,PRD066,Product E,48,329.1,15797.0,USD,South,In Process,REP18
SO000191,2024-07-10,2024-07-22,CUST00063,Customer CUST00063,PRD077,Product I,33,209.38,6909.7,USD,Central,Delivered,REP09
SO000192,2024-11-19,2024-11-27,CUST00004,Customer CUST00004,PRD023,Product F,19,405.84,7711.05,USD,South,Delivered,REP19
SO000193,2024-12-30,2025-01-16,CUST00001,Customer CUST00001,PRD076,Product H,54,328.05,17714.52,USD,Central,In Process,REP07
SO000194,2024-05-22,2024-06-18,CUST00019,Customer CUST00019,PRD090,Product I,33,126.4,4171.09,USD,North,In Process,REP11
SO000195,2024-12-20,2025-01-03,CUST00078,Customer CUST00078,PRD072,Product J,66,237.11,15649.4,USD,East,Delivered,REP16
SO000196,2024-04-26,2024-05-14,CUST00005,Customer CUST00005,PRD043,Product B,48,294.28,14125.65,USD,West,In Process,REP16
SO000197,2024-12-08,2024-12-20,CUST00046,Customer CUST00046,PRD047,Product B,43,18.93,814.16,USD,East,Open,REP15
SO000198,2024-10-07,2024-10-17,CUST00075,Customer CUST00075,PRD034,Product C,15,106.61,1599.08,USD,Central,In Process,REP14
SO000199,2024-02-21,2024-03-12,CUST00027,Customer CUST00027,PRD002,Product C,8,162.54,1300.33,USD,West,Delivered,REP17
SO000200,2024-03-17,2024-03-27,CUST00090,Customer CUST00090,PRD013,Product I,94,98.76,9283.74,USD,West,Open,REP07
SO000201,2024-11-07,2024-11-30,CUST00042,Customer CUST00042,PRD054,Product J,56,481.83,26982.71,USD,West,Open,REP01
SO000202,2024-06-20,2024-07-09,CUST00047,Customer CUST00047,PRD009,Product G,22,411.4,9050.86,USD,West,In Process,REP15
SO000203,2024-01-10,2024-01-26,CUST00072,Customer CUST00072,PRD050,Product H,80,282.75,22620.17,USD,East,Delivered,REP19
SO000204,2024-04-09,2024-04-22,CUST00074,Customer CUST00074,PRD069,Product I,18,385.66,6941.91,USD,South,In Process,REP15
SO000205,2024-02-18,2024-02-27,CUST00098,Customer CUST00098,PRD092,Product A,21,56.9,1194.9,USD,Central,Delivered,REP07
SO000206,2024-06-08,2024-06-25,CUST00010,Customer CUST00010,PRD002,Product I,78,319.69,24935.63,USD,North,In Process,REP03
SO000207,2024-09-19,2024-10-16,CUST00018,Customer CUST00018,PRD024,Product C,42,219.82,9232.35,USD,North,Delivered,REP14
SO000208,2024-01-19,2024-01-29,CUST00090,Customer CUST00090,PRD097,Product F,42,453.71,19055.7,USD,Central,Open,REP04
SO000209,2024-03-13,2024-03-27,CUST00097,Customer CUST00097,PRD002,Product F,41,312.41,12808.66,USD,Central,Delivered,REP05
SO000210,2024-01-27,2024-02-23,CUST00008,Customer CUST00008,PRD003,Product F,72,328.93,23682.95,USD,West,In Process,REP06
SO000211,2024-05-09,2024-06-07,CUST00044,Customer CUST00044,PRD044,Product B,81,497.79,40320.62,USD,West,Open,REP04
SO000212,2024-11-28,2024-12-19,CUST00055,Customer CUST00055,PRD012,Product J,62,217.12,13461.3,USD,West,In Process,REP08
SO000213,2024-01-03,2024-01-25,CUST00030,Customer CUST00030,PRD065,Product G,92,487.34,44835.34,USD,Central,Delivered,REP06
SO000214,2024-08-18,2024-08-25,CUST00016,Customer CUST00016,PRD066,Product F,98,40.92,4010.5,USD,West,In Process,REP09
SO000215,2024-12-06,2024-12-14,CUST00091,Customer CUST00091,PRD023,Product I,73,259.76,18962.84,USD,East,In Process,REP04
SO000216,2024-11-06,2024-11-18,CUST00035,Customer CUST00035,PRD012,Product F,43,291.55,12536.56,USD,West,Delivered,REP15
SO000217,2024-02-18,2024-03-05,CUST00038,Customer CUST00038,PRD006,Product B,45,196.51,8842.74,USD,South,Delivered,REP03
SO000218,2024-12-01,2024-12-14,CUST00052,Customer CUST00052,PRD035,Product I,15,207.46,3111.9,USD,South,Open,REP18
SO000219,2024-07-24,2024-08-19,CUST00082,Customer CUST00082,PRD036,Product J,25,291.83,7295.75,USD,Central,Delivered,REP14
SO000220,2024-11-16,2024-12-06,CUST00080,Customer CUST00080,PRD013,Product F,52,256.26,13325.38,USD,North,Delivered,REP02
SO000221,2024-01-25,2024-02-15,CUST00068,Customer CUST00068,PRD002,Product D,18,146.1,2629.78,USD,Central,Open,REP19
SO000222,2024-10-13,2024-11-07,CUST00005,Customer CUST00005,PRD050,Product C,34,235.3,8000.28,USD,South,In Process,REP15
SO000223,2024-03-23,2024-04-07,CUST00099,Customer CUST00099,PRD016,Product E,73,393.52,28727.04,USD,East,Open,REP01
SO000224,2024-09-16,2024-09-26,CUST00040,Customer CUST00040,PRD050,Product A,52,95.14,4947.22,USD,West,Delivered,REP05
SO000225,2024-04-25,2024-05-04,CUST00007,Customer CUST00007,PRD055,Product F,14,96.67,1353.45,USD,Central,Delivered,REP02
SO000226,2024-03-02,2024-03-29,CUST00079,Customer CUST00079,PRD085,Product E,10,343.68,3436.78,USD,Central,In Process,REP18
SO000227,2024-07-31,2024-08-27,CUST00082,Customer CUST00082,PRD060,Product E,45,30.89,1390.06,USD,North,Open,REP11
SO000228,2024-07-09,2024-08-05,CUST00052,Customer CUST00052,PRD082,Product G,26,72.33,1880.52,USD,South,In Process,REP08
SO000229,2024-08-14,2024-08-29,CUST00093,Customer CUST00093,PRD064,Product D,29,235.13,6818.74,USD,Central,Cancelled,REP17
SO000230,2024-04-29,2024-05-14,CUST00041,Customer CUST00041,PRD058,Product A,2,224.43,448.85,USD,Central,In Process,REP08
SO000231,2024-10-03,2024-10-20,CUST00034,Customer CUST00034,PRD060,Product H,59,230.56,13603.1,USD,North,Delivered,REP13
SO000232,2024-03-09,2024-03-27,CUST00065,Customer CUST00065,PRD001,Product G,8,30.42,243.36,USD,North,Delivered,REP13
SO000233,2024-05-31,2024-06-23,CUST00005,Customer CUST00005,PRD015,Product D,21,199.92,4198.35,USD,West,In Process,REP19
SO000234,2024-01-28,2024-02-22,CUST00058,Customer CUST00058,PRD096,Product E,5,333.55,1667.74,USD,South,Open,REP16
SO000235,2024-08-07,2024-08-30,CUST00095,Customer CUST00095,PRD036,Product H,25,488.24,12205.89,USD,South,Open,REP04
SO000236,2024-03-18,2024-04-02,CUST00041,Customer CUST00041,PRD012,Product I,62,448.95,27834.85,USD,South,Delivered,REP08
SO000237,2024-09-14,2024-10-12,CUST00013,Customer CUST00013,PRD010,Product E,32,376.56,12049.79,USD,West,Open,REP15
SO000238,2024-09-29,2024-10-13,CUST00018,Customer CUST00018,PRD089,Product G,73,192.36,14042.41,USD,East,Delivered,REP18
SO000239,2024-10-04,2024-10-30,CUST00030,Customer CUST00030,PRD021,Product D,85,341.23,29004.66,USD,East,Delivered,REP03
SO000240,2024-05-01,2024-05-30,CUST00039,Customer CUST00039,PRD021,Product A,12,460.27,5523.29,USD,South,Delivered,REP08
SO000241,2024-10-28,2024-11-11,CUST00007,Customer CUST00007,PRD092,Product G,96,96.94,9306.25,USD,East,In Process,REP13
SO000242,2024-09-14,2024-10-11,CUST00079,Customer CUST00079,PRD044,Product D,27,482.91,13038.67,USD,East,Open,REP13
SO000243,2024-10-04,2024-10-21,CUST00037,Customer CUST00037,PRD030,Product A,56,309.85,17351.65,USD,East,Open,REP07
SO000244,2024-04-17,2024-05-08,CUST00025,Customer CUST00025,PRD003,Product E,8,236.16,1889.31,USD,North,Delivered,REP01
SO000245,2024-04-13,2024-04-22,CUST00096,Customer CUST00096,PRD046,Product J,98,109.98,10777.79,USD,South,Delivered,REP07
SO000246,2024-08-06,2024-08-14,CUST00041,Customer CUST00041,PRD012,Product I,36,12.56,452.25,USD,South,Delivered,REP17
SO000247,2024-01-14,2024-01-22,CUST00053,Customer CUST00053,PRD070,Product I,20,170.2,3403.93,USD,East,Delivered,REP19
SO000248,2024-04-10,2024-04-20,CUST00004,Customer CUST00004,PRD085,Product D,10,444.24,4442.36,USD,East,Open,REP08
SO000249,2024-12-24,2025-01-20,CUST00074,Customer CUST00074,PRD017,Product F,46,184.19,8472.81,USD,North,In Process,REP07
SO000250,2024-01-04,2024-01-24,CUST00003,Customer CUST00003,PRD024,Product H,80,120.46,9637.2,USD,West,Delivered,REP02
SO000251,2024-06-06,2024-06-30,CUST00019,Customer CUST00019,PRD076,Product C,49,321.88,15772.14,USD,East,Open,REP06
SO000252,2024-04-26,2024-05-06,CUST00064,Customer CUST00064,PRD018,Product C,48,193.0,9263.84,USD,North,In Process,REP17
SO000253,2024-09-07,2024-09-28,CUST00075,Customer CUST00075,PRD047,Product I,45,95.01,4275.24,USD,West,In Process,REP15
SO000254,2024-07-16,2024-08-06,CUST00078,Customer CUST00078,PRD061,Product G,9,475.65,4280.88,USD,Central,Open,REP10
SO000255,2024-02-19,2024-02-28,CUST00077,Customer CUST00077,PRD051,Product A,94,417.53,39247.97,USD,Central,Delivered,REP19
SO000256,2024-02-04,2024-02-24,CUST00026,Customer CUST00026,PRD021,Product C,69,422.55,29155.77,USD,Central,In Process,REP10
SO000257,2024-07-10,2024-07-21,CUST00100,Customer CUST00100,PRD024,Product F,90,49.49,4454.53,USD,South,Cancelled,REP04
SO000258,2024-11-21,2024-12-06,CUST00054,Customer CUST00054,PRD030,Product I,31,462.09,14324.64,USD,North,Cancelled,REP12
SO000259,2024-04-15,2024-05-13,CUST00092,Customer CUST00092,PRD054,Product G,35,145.05,5076.75,USD,South,In Process,REP10
SO000260,2024-08-04,2024-08-23,CUST00070,Customer CUST00070,PRD057,Product I,45,428.01,19260.63,USD,East,Open,REP04
SO000261,2024-06-26,2024-07-03,CUST00091,Customer CUST00091,PRD075,Product G,70,450.92,31564.28,USD,South,Delivered,REP15
SO000262,2024-07-17,2024-08-13,CUST00042,Customer CUST00042,PRD069,Product J,14,368.1,5153.43,USD,South,Cancelled,REP03
SO000263,2024-03-27,2024-04-07,CUST00088,Customer CUST00088,PRD061,Product A,19,161.26,3063.99,USD,Central,Delivered,REP09
SO000264,2024-06-09,2024-07-03,CUST00068,Customer CUST00068,PRD061,Product J,71,345.04,24497.81,USD,North,Delivered,REP02
SO000265,2024-01-28,2024-02-14,CUST00041,Customer CUST00041,PRD070,Product G,86,278.93,23988.06,USD,South,Open,REP02
SO000266,2024-03-05,2024-03-21,CUST00085,Customer CUST00085,PRD098,Product E,2,335.45,670.9,USD,North,Delivered,REP16
SO000267,2024-05-04,2024-05-17,CUST00086,Customer CUST00086,PRD064,Product H,40,64.85,2593.94,USD,East,In Process,REP19
SO000268,2024-11-14,2024-12-07,CUST00064,Customer CUST00064,PRD086,Product G,21,90.71,1904.83,USD,West,Delivered,REP15
SO000269,2024-08-19,2024-09-15,CUST00079,Customer CUST00079,PRD058,Product F,92,135.19,12437.64,USD,Central,In Process,REP17
SO000270,2024-03-06,2024-03-15,CUST00072,Customer CUST00072,PRD050,Product A,42,253.93,10664.98,USD,West,In Process,REP11
SO000271,2024-07-15,2024-08-09,CUST00011,Customer CUST00011,PRD036,Product H,12,266.43,3197.18,USD,West,Delivered,REP05
SO000272,2024-03-25,2024-04-08,CUST00055,Customer CUST00055,PRD084,Product I,47,105.96,4980.21,USD,South,Open,REP06
SO000273,2024-09-24,2024-10-02,CUST00007,Customer CUST00007,PRD033,Product C,3,449.62,1348.86,USD,East,Cancelled,REP01
SO000274,2024-01-08,2024-01-19,CUST00032,Customer CUST00032,PRD012,Product E,4,401.31,1605.24,USD,East,Delivered,REP11
SO000275,2024-10-28,2024-11-26,CUST00016,Customer CUST00016,PRD013,Product A,63,247.83,15613.03,USD,Central,Delivered,REP02
SO000276,2024-09-16,2024-09-28,CUST00095,Customer CUST00095,PRD025,Product G,27,346.56,9357.17,USD,East,Delivered,REP02
SO000277,2024-06-02,2024-06-13,CUST00099,Customer CUST00099,PRD011,Product I,50,64.27,3213.34,USD,West,In Process,REP02
SO000278,2024-12-29,2025-01-16,CUST00073,Customer CUST00073,PRD030,Product E,88,252.16,22190.44,USD,East,Delivered,REP16
SO000279,2024-10-03,2024-10-10,CUST00085,Customer CUST00085,PRD058,Product C,52,453.63,23588.57,USD,East,In Process,REP11
SO000280,2024-10-05,2024-10-27,CUST00022,Customer CUST00022,PRD084,Product A,69,405.04,27947.48,USD,East,Delivered,REP16
SO000281,2024-03-06,2024-03-15,CUST00040,Customer CUST00040,PRD001,Product H,28,344.02,9632.51,USD,North,Delivered,REP08
SO000282,2024-09-03,2024-10-02,CUST00063,Customer CUST00063,PRD053,Product C,4,434.53,1738.12,USD,Central,Open,REP14
SO000283,2024-05-21,2024-05-31,CUST00076,Customer CUST00076,PRD082,Product A,39,405.62,15819.34,USD,West,Delivered,REP19
SO000284,2024-08-12,2024-08-24,CUST00091,Customer CUST00091,PRD062,Product G,59,64.38,3798.71,USD,West,In Process,REP03
SO000285,2024-05-26,2024-06-15,CUST00084,Customer CUST00084,PRD022,Product A,25,216.51,5412.69,USD,South,Cancelled,REP16
SO000286,2024-03-23,2024-04-12,CUST00051,Customer CUST00051,PRD071,Product C,42,352.66,14811.91,USD,West,Open,REP14
SO000287,2024-03-03,2024-03-18,CUST00019,Customer CUST00019,PRD040,Product D,14,117.04,1638.52,USD,Central,Delivered,REP17
SO000288,2024-10-12,2024-10-27,CUST00064,Customer CUST00064,PRD059,Product A,52,157.62,8196.24,USD,East,Open,REP14
SO000289,2024-08-09,2024-08-24,CUST00068,Customer CUST00068,PRD086,Product D,92,427.61,39340.06,USD,North,In Process,REP09
SO000290,2024-04-29,2024-05-28,CUST00016,Customer CUST00016,PRD050,Product A,48,26.99,1295.44,USD,East,In Process,REP05
SO000291,2024-10-30,2024-11-25,CUST00067,Customer CUST00067,PRD098,Product A,73,455.72,33267.35,USD,West,Delivered,REP01
SO000292,2024-01-08,2024-01-27,CUST00087,Customer CUST00087,PRD052,Product H,76,456.23,34673.6,USD,North,In Process,REP08
SO000293,2024-01-21,2024-02-15,CUST00038,Customer CUST00038,PRD022,Product D,29,323.41,9378.8,USD,West,Open,REP12
SO000294,2024-03-07,2024-04-04,CUST00066,Customer CUST00066,PRD087,Product H,34,241.72,8218.47,USD,North,Delivered,REP06
SO000295,2024-09-18,2024-10-16,CUST00025,Customer CUST00025,PRD083,Product B,17,29.49,501.25,USD,South,Cancelled,REP10
SO000296,2024-04-02,2024-04-21,CUST00099,Customer CUST00099,PRD049,Product H,14,309.28,4329.95,USD,Central,In Process,REP13
SO000297,2024-07-07,2024-07-19,CUST00049,Customer CUST00049,PRD090,Product A,62,418.33,25936.17,USD,West,Open,REP07
SO000298,2024-12-06,2025-01-02,CUST00049,Customer CUST00049,PRD049,Product J,54,466.56,25194.2,USD,North,Delivered,REP09
SO000299,2024-01-17,2024-02-13,CUST00051,Customer CUST00051,PRD019,Product G,55,438.37,24110.3,USD,Central,Delivered,REP11
SO000300,2024-11-28,2024-12-18,CUST00045,Customer CUST00045,PRD061,Product A,40,216.7,8667.83,USD,West,Delivered,REP13
SO000301,2024-09-24,2024-10-16,CUST00033,Customer CUST00033,PRD087,Product J,92,412.39,37939.62,USD,North,Delivered,REP13
SO000302,2024-08-02,2024-08-25,CUST00047,Customer CUST00047,PRD036,Product D,82,135.78,11133.97,USD,West,In Process,REP18
SO000303,2024-05-26,2024-06-16,CUST00028,Customer CUST00028,PRD015,Product H,84,451.16,37897.22,USD,West,Open,REP09
SO000304,2024-09-14,2024-09-29,CUST00074,Customer CUST00074,PRD051,Product B,51,300.89,15345.58,USD,South,Delivered,REP09
SO000305,2024-02-08,2024-02-17,CUST00084,Customer CUST00084,PRD016,Product F,27,373.08,10073.18,USD,Central,Open,REP08
SO000306,2024-09-14,2024-10-07,CUST00041,Customer CUST00041,PRD062,Product C,65,51.35,3337.9,USD,South,Cancelled,REP17
SO000307,2024-05-06,2024-06-04,CUST00024,Customer CUST00024,PRD099,Product I,38,424.35,16125.15,USD,East,In Process,REP13
SO000308,2024-03-13,2024-04-09,CUST00030,Customer CUST00030,PRD041,Product B,32,412.99,13215.58,USD,West,Delivered,REP08
SO000309,2024-03-15,2024-04-06,CUST00032,Customer CUST00032,PRD039,Product J,57,23.44,1335.85,USD,West,Delivered,REP02
SO000310,2024-06-04,2024-06-15,CUST00007,Customer CUST00007,PRD019,Product D,37,446.15,16507.46,USD,North,Cancelled,REP10
SO000311,2024-05-05,2024-05-22,CUST00049,Customer CUST00049,PRD056,Product A,38,425.1,16153.74,USD,South,Delivered,REP12
SO000312,2024-11-16,2024-11-26,CUST00050,Customer CUST00050,PRD045,Product E,30,23.49,704.79,USD,East,Delivered,REP04
SO000313,2024-06-02,2024-06-22,CUST00064,Customer CUST00064,PRD030,Product J,51,21.44,1093.57,USD,East,Open,REP10
SO000314,2024-05-01,2024-05-12,CUST00042,Customer CUST00042,PRD073,Product E,35,445.32,15586.12,USD,West,Cancelled,REP17
SO000315,2024-10-11,2024-10-30,CUST00059,Customer CUST00059,PRD049,Product D,17,198.9,3381.31,USD,West,Cancelled,REP13
SO000316,2024-06-10,2024-06-29,CUST00086,Customer CUST00086,PRD051,Product E,87,225.82,19646.01,USD,South,Delivered,REP17
SO000317,2024-12-06,2024-12-26,CUST00021,Customer CUST00021,PRD099,Product G,68,180.17,12251.27,USD,West,Delivered,REP13
SO000318,2024-04-20,2024-04-28,CUST00011,Customer CUST00011,PRD086,Product D,51,393.37,20061.88,USD,East,Delivered,REP19
SO000319,2024-06-13,2024-06-26,CUST00085,Customer CUST00085,PRD019,Product H,28,427.75,11977.09,USD,Central,Delivered,REP02
SO000320,2024-09-23,2024-10-21,CUST00045,Customer CUST00045,PRD056,Product F,21,375.47,7884.9,USD,West,Open,REP09
SO000321,2024-02-15,2024-03-04,CUST00070,Customer CUST00070,PRD096,Product A,19,261.32,4965.12,USD,West,In Process,REP06
SO000322,2024-07-01,2024-07-11,CUST00075,Customer CUST00075,PRD081,Product A,62,383.28,23763.43,USD,East,Delivered,REP19
SO000323,2024-08-06,2024-08-30,CUST00092,Customer CUST00092,PRD035,Product C,47,384.62,18077.08,USD,West,Delivered,REP16
SO000324,2024-11-24,2024-12-08,CUST00045,Customer CUST00045,PRD067,Product A,81,425.01,34426.19,USD,East,In Process,REP05
SO000325,2024-01-13,2024-02-03,CUST00061,Customer CUST00061,PRD067,Product G,80,383.67,30693.78,USD,Central,Open,REP10
SO000326,2024-10-24,2024-11-20,CUST00080,Customer CUST00080,PRD035,Product B,41,146.59,6010.29,USD,North,Delivered,REP19
SO000327,2024-09-20,2024-10-13,CUST00071,Customer CUST00071,PRD015,Product G,67,371.56,24894.26,USD,North,Delivered,REP05
SO000328,2024-05-20,2024-06-03,CUST00008,Customer CUST00008,PRD066,Product E,60,332.68,19961.09,USD,North,Delivered,REP08
SO000329,2024-01-23,2024-02-07,CUST00034,Customer CUST00034,PRD003,Product D,30,22.0,660.13,USD,East,In Process,REP14
SO000330,2024-07-06,2024-07-25,CUST00045,Customer CUST00045,PRD066,Product B,45,478.01,21510.29,USD,East,Delivered,REP08
SO000331,2024-05-24,2024-06-22,CUST00034,Customer CUST00034,PRD013,Product J,16,244.35,3909.56,USD,South,Open,REP15
SO000332,2024-10-16,2024-10-29,CUST00067,Customer CUST00067,PRD053,Product H,87,465.32,40482.99,USD,East,Open,REP07
SO000333,2024-11-16,2024-12-09,CUST00030,Customer CUST00030,PRD025,Product E,13,305.71,3974.25,USD,Central,In Process,REP17
SO000334,2024-07-01,2024-07-30,CUST00032,Customer CUST00032,PRD014,Product J,10,412.5,4125.02,USD,West,Delivered,REP18
SO000335,2024-02-22,2024-03-14,CUST00022,Customer CUST00022,PRD031,Product D,77,459.23,35360.55,USD,South,In Process,REP14
SO000336,2024-10-16,2024-11-09,CUST00098,Customer CUST00098,PRD093,Product I,76,207.2,15747.11,USD,North,Open,REP18
SO000337,2024-04-05,2024-05-03,CUST00038,Customer CUST00038,PRD044,Product A,87,295.8,25734.65,USD,North,In Process,REP11
SO000338,2024-04-30,2024-05-07,CUST00019,Customer CUST00019,PRD015,Product I,27,434.61,11734.43,USD,West,Delivered,REP19
SO000339,2024-05-20,2024-06-14,CUST00049,Customer CUST00049,PRD087,Product F,56,482.4,27014.31,USD,Central,Open,REP01
SO000340,2024-11-11,2024-12-10,CUST00010,Customer CUST00010,PRD024,Product G,85,359.39,30548.37,USD,Central,Open,REP12
SO000341,2024-01-11,2024-02-03,CUST00068,Customer CUST00068,PRD012,Product I,94,141.79,13328.67,USD,West,Delivered,REP05
SO000342,2024-10-24,2024-11-16,CUST00048,Customer CUST00048,PRD018,Product G,28,434.25,12159.05,USD,East,In Process,REP14
SO000343,2024-08-14,2024-09-01,CUST00071,Customer CUST00071,PRD002,Product I,13,214.09,2783.13,USD,Central,In Process,REP16
SO000344,2024-05-16,2024-05-31,CUST00038,Customer CUST00038,PRD045,Product F,56,327.38,18333.25,USD,West,Delivered,REP13
SO000345,2024-06-10,2024-06-25,CUST00088,Customer CUST00088,PRD044,Product H,7,71.6,501.23,USD,East,In Process,REP08
SO000346,2024-11-05,2024-12-03,CUST00065,Customer CUST00065,PRD049,Product D,21,150.83,3167.44,USD,East,Delivered,REP10
SO000347,2024-02-22,2024-03-11,CUST00047,Customer CUST00047,PRD002,Product E,74,17.2,1272.78,USD,Central,Cancelled,REP17
SO000348,2024-12-21,2025-01-10,CUST00010,Customer CUST00010,PRD024,Product C,25,370.74,9268.46,USD,North,Cancelled,REP11
SO000349,2024-08-15,2024-08-27,CUST00065,Customer CUST00065,PRD058,Product D,28,140.95,3946.71,USD,North,Delivered,REP12
SO000350,2024-10-09,2024-11-06,CUST00053,Customer CUST00053,PRD006,Product J,59,197.46,11650.4,USD,North,Open,REP07
SO000351,2024-08-11,2024-09-07,CUST00025,Customer CUST00025,PRD012,Product A,55,263.8,14509.04,USD,West,Delivered,REP16
SO000352,2024-07-26,2024-08-12,CUST00100,Customer CUST00100,PRD087,Product G,51,21.56,1099.64,USD,East,Delivered,REP08
SO000353,2024-02-14,2024-03-13,CUST00059,Customer CUST00059,PRD028,Product D,67,357.97,23983.75,USD,Central,In Process,REP13
SO000354,2024-03-19,2024-04-17,CUST00044,Customer CUST00044,PRD056,Product J,4,479.32,1917.27,USD,North,In Process,REP18
SO000355,2024-11-26,2024-12-17,CUST00032,Customer CUST00032,PRD057,Product F,17,120.44,2047.43,USD,West,Delivered,REP10
SO000356,2024-10-27,2024-11-21,CUST00011,Customer CUST00011,PRD065,Product E,72,321.62,23156.48,USD,West,Delivered,REP17
SO000357,2024-06-23,2024-07-19,CUST00088,Customer CUST00088,PRD026,Product F,60,274.02,16441.1,USD,North,Delivered,REP17
SO000358,2024-01-05,2024-01-31,CUST00052,Customer CUST00052,PRD027,Product I,75,31.84,2387.72,USD,North,Cancelled,REP02
SO000359,2024-01-15,2024-02-11,CUST00046,Customer CUST00046,PRD046,Product E,6,144.6,867.63,USD,South,Delivered,REP13
SO000360,2024-08-10,2024-08-19,CUST00094,Customer CUST00094,PRD033,Product F,93,245.85,22864.36,USD,Central,Open,REP17
SO000361,2024-08-27,2024-09-13,CUST00077,Customer CUST00077,PRD016,Product B,11,202.01,2222.12,USD,West,Cancelled,REP04
SO000362,2024-12-20,2025-01-11,CUST00056,Customer CUST00056,PRD018,Product J,62,289.07,17922.62,USD,East,In Process,REP19
SO000363,2024-11-06,2024-11-18,CUST00082,Customer CUST00082,PRD098,Product J,6,103.15,618.92,USD,East,Delivered,REP17
SO000364,2024-04-16,2024-05-03,CUST00080,Customer CUST00080,PRD094,Product B,34,381.08,12956.79,USD,Central,Delivered,REP04
SO000365,2024-04-03,2024-04-10,CUST00043,Customer CUST00043,PRD086,Product G,81,89.72,7267.55,USD,South,Delivered,REP12
SO000366,2024-05-16,2024-05-27,CUST00074,Customer CUST00074,PRD085,Product D,92,463.84,42672.83,USD,South,Delivered,REP10
SO000367,2024-09-08,2024-09-22,CUST00066,Customer CUST00066,PRD093,Product G,72,406.05,29235.96,USD,Central,In Process,REP03
SO000368,2024-12-29,2025-01-17,CUST00045,Customer CUST00045,PRD001,Product J,9,85.37,768.29,USD,East,Cancelled,REP07
SO000369,2024-08-28,2024-09-06,CUST00084,Customer CUST00084,PRD090,Product D,94,460.03,43242.72,USD,North,In Process,REP14
SO000370,2024-01-17,2024-02-10,CUST00045,Customer CUST00045,PRD065,Product D,93,286.4,26634.85,USD,East,In Process,REP18
SO000371,2024-09-13,2024-10-02,CUST00020,Customer CUST00020,PRD005,Product D,87,257.92,22438.99,USD,East,Delivered,REP01
SO000372,2024-10-04,2024-10-12,CUST00041,Customer CUST00041,PRD076,Product D,69,362.39,25004.8,USD,East,In Process,REP19
SO000373,2024-04-18,2024-05-01,CUST00047,Customer CUST00047,PRD004,Product G,71,424.47,30137.11,USD,Central,In Process,REP10
SO000374,2024-03-24,2024-04-14,CUST00093,Customer CUST00093,PRD091,Product H,41,154.89,6350.51,USD,West,Delivered,REP04
SO000375,2024-09-27,2024-10-06,CUST00037,Customer CUST00037,PRD061,Product A,67,56.58,3790.59,USD,East,Delivered,REP04
SO000376,2024-01-24,2024-02-09,CUST00004,Customer CUST00004,PRD023,Product C,34,439.18,14932.21,USD,Central,In Process,REP13
SO000377,2024-03-09,2024-04-05,CUST00062,Customer CUST00062,PRD057,Product I,57,299.31,17060.74,USD,West,Delivered,REP10
SO000378,2024-06-16,2024-06-29,CUST00038,Customer CUST00038,PRD068,Product E,61,224.37,13686.33,USD,East,Open,REP12
SO000379,2024-02-07,2024-03-03,CUST00036,Customer CUST00036,PRD062,Product I,69,381.94,26354.12,USD,South,In Process,REP05
SO000380,2024-01-25,2024-02-16,CUST00027,Customer CUST00027,PRD039,Product C,78,71.42,5571.12,USD,East,Cancelled,REP16
SO000381,2024-01-22,2024-02-18,CUST00054,Customer CUST00054,PRD042,Product E,72,333.9,24040.58,USD,East,In Process,REP10
SO000382,2024-02-01,2024-02-09,CUST00009,Customer CUST00009,PRD048,Product A,11,317.93,3497.26,USD,North,In Process,REP15
SO000383,2024-06-01,2024-06-28,CUST00065,Customer CUST00065,PRD066,Product I,51,190.95,9738.33,USD,North,In Process,REP08
SO000384,2024-09-27,2024-10-10,CUST00070,Customer CUST00070,PRD081,Product A,23,71.31,1640.16,USD,Central,Delivered,REP02
SO000385,2024-09-07,2024-09-22,CUST00093,Customer CUST00093,PRD003,Product I,13,114.56,1489.32,USD,West,Cancelled,REP17
SO000386,2024-03-03,2024-03-26,CUST00076,Customer CUST00076,PRD032,Product G,64,253.17,16202.67,USD,East,In Process,REP04
SO000387,2024-12-04,2024-12-21,CUST00035,Customer CUST00035,PRD004,Product H,78,354.81,27675.41,USD,South,In Process,REP19
SO000388,2024-06-16,2024-07-11,CUST00065,Customer CUST00065,PRD062,Product E,27,246.31,6650.36,USD,Central,Cancelled,REP03
SO000389,2024-05-26,2024-06-13,CUST00080,Customer CUST00080,PRD002,Product J,89,87.06,7748.68,USD,West,Delivered,REP19
SO000390,2024-11-08,2024-11-19,CUST00072,Customer CUST00072,PRD083,Product G,78,316.19,24662.69,USD,East,Delivered,REP19
SO000391,2024-07-28,2024-08-23,CUST00080,Customer CUST00080,PRD027,Product H,97,278.94,27057.25,USD,Central,In Process,REP12
SO000392,2024-04-06,2024-04-17,CUST00057,Customer CUST00057,PRD019,Product E,59,184.37,10877.76,USD,South,In Process,REP05
SO000393,2024-02-16,2024-02-29,CUST00068,Customer CUST00068,PRD093,Product A,13,394.58,5129.57,USD,East,Delivered,REP18
SO000394,2024-11-14,2024-11-30,CUST00057,Customer CUST00057,PRD006,Product H,90,230.56,20750.14,USD,South,Open,REP05
SO000395,2024-11-13,2024-11-28,CUST00069,Customer CUST00069,PRD076,Product B,90,295.27,26574.28,USD,North,In Process,REP07
SO000396,2024-09-22,2024-09-30,CUST00089,Customer CUST00089,PRD026,Product C,80,319.04,25523.46,USD,South,Delivered,REP11
SO000397,2024-10-21,2024-11-11,CUST00020,Customer CUST00020,PRD066,Product I,54,350.94,18950.8,USD,East,Delivered,REP02
SO000398,2024-11-18,2024-11-30,CUST00079,Customer CUST00079,PRD059,Product J,73,356.25,26006.15,USD,North,Delivered,REP02
SO000399,2024-03-05,2024-03-30,CUST00026,Customer CUST00026,PRD048,Product I,10,310.01,3100.06,USD,East,Delivered,REP04
SO000400,2024-04-07,2024-04-26,CUST00028,Customer CUST00028,PRD083,Product A,45,295.63,13303.52,USD,North,Delivered,REP01
SO000401,2024-05-17,2024-05-27,CUST00073,Customer CUST00073,PRD027,Product J,32,339.51,10864.18,USD,North,In Process,REP18
SO000402,2024-08-31,2024-09-27,CUST00025,Customer CUST00025,PRD092,Product D,93,261.24,24294.94,USD,East,Open,REP17
SO000403,2024-02-12,2024-02-27,CUST00042,Customer CUST00042,PRD096,Product B,84,109.97,9237.66,USD,North,Delivered,REP15
SO000404,2024-03-03,2024-03-10,CUST00069,Customer CUST00069,PRD058,Product B,40,183.88,7355.27,USD,South,Delivered,REP01
SO000405,2024-11-26,2024-12-18,CUST00082,Customer CUST00082,PRD063,Product G,10,443.63,4436.33,USD,East,In Process,REP13
SO000406,2024-06-22,2024-07-01,CUST00074,Customer CUST00074,PRD051,Product F,65,134.15,8719.43,USD,East,Delivered,REP14
SO000407,2024-07-27,2024-08-11,CUST00006,Customer CUST00006,PRD037,Product I,39,141.74,5527.79,USD,West,Cancelled,REP09
SO000408,2024-12-03,2024-12-30,CUST00002,Customer CUST00002,PRD037,Product J,60,418.49,25109.11,USD,West,Delivered,REP15
SO000409,2024-04-01,2024-04-25,CUST00098,Customer CUST00098,PRD007,Product F,11,303.43,3337.78,USD,Central,In Process,REP11
SO000410,2024-11-05,2024-11-15,CUST00092,Customer CUST00092,PRD038,Product A,55,359.35,19764.27,USD,South,In Process,REP16
SO000411,2024-05-12,2024-06-04,CUST00074,Customer CUST00074,PRD068,Product E,71,363.08,25778.48,USD,West,In Process,REP05
SO000412,2024-05-08,2024-05-18,CUST00012,Customer CUST00012,PRD052,Product H,23,134.89,3102.52,USD,Central,In Process,REP13
SO000413,2024-11-06,2024-11-26,CUST00032,Customer CUST00032,PRD058,Product G,96,395.32,37950.27,USD,South,In Process,REP07
SO000414,2024-12-01,2024-12-08,CUST00085,Customer CUST00085,PRD041,Product I,6,281.15,1686.91,USD,East,In Process,REP05
SO000415,2024-03-27,2024-04-19,CUST00076,Customer CUST00076,PRD073,Product G,80,376.69,30135.55,USD,North,Open,REP15
SO000416,2024-06-13,2024-07-12,CUST00013,Customer CUST00013,PRD006,Product D,23,220.51,5071.69,USD,Central,Delivered,REP12
SO000417,2024-01-18,2024-02-15,CUST00033,Customer CUST00033,PRD036,Product A,32,446.52,14288.61,USD,South,In Process,REP02
SO000418,2024-07-19,2024-08-04,CUST00028,Customer CUST00028,PRD028,Product G,47,201.61,9475.49,USD,East,In Process,REP08
SO000419,2024-12-28,2025-01-12,CUST00047,Customer CUST00047,PRD047,Product A,62,437.02,27095.21,USD,East,Delivered,REP10
SO000420,2024-12-19,2025-01-13,CUST00013,Customer CUST00013,PRD064,Product F,1,319.4,319.4,USD,Central,Delivered,REP07
SO000421,2024-05-07,2024-05-30,CUST00071,Customer CUST00071,PRD053,Product E,26,448.88,11670.9,USD,South,Delivered,REP01
SO000422,2024-08-28,2024-09-20,CUST00043,Customer CUST00043,PRD026,Product I,3,284.73,854.2,USD,Central,In Process,REP16
SO000423,2024-01-25,2024-02-22,CUST00028,Customer CUST00028,PRD041,Product I,56,419.7,23503.07,USD,North,Delivered,REP19
SO000424,2024-12-29,2025-01-23,CUST00071,Customer CUST00071,PRD011,Product C,19,428.94,8149.81,USD,Central,In Process,REP14
SO000425,2024-01-30,2024-02-13,CUST00018,Customer CUST00018,PRD036,Product C,48,111.9,5371.13,USD,West,Open,REP15
SO000426,2024-08-07,2024-09-02,CUST00057,Customer CUST00057,PRD079,Product A,45,230.73,10383.05,USD,Central,Delivered,REP10
SO000427,2024-08-08,2024-08-17,CUST00083,Customer CUST00083,PRD004,Product C,54,367.33,19835.55,USD,East,Delivered,REP11
SO000428,2024-05-01,2024-05-18,CUST00096,Customer CUST00096,PRD098,Product B,62,422.74,26209.85,USD,North,Open,REP15
SO000429,2024-02-17,2024-02-27,CUST00008,Customer CUST00008,PRD096,Product I,58,393.16,22803.3,USD,Central,In Process,REP17
SO000430,2024-12-20,2024-12-31,CUST00083,Customer CUST00083,PRD058,Product G,92,105.54,9709.48,USD,West,In Process,REP17
SO000431,2024-08-02,2024-08-11,CUST00021,Customer CUST00021,PRD042,Product J,36,427.77,15399.6,USD,Central,Delivered,REP12
SO000432,2024-06-18,2024-07-07,CUST00011,Customer CUST00011,PRD059,Product F,16,109.1,1745.67,USD,East,Open,REP02
SO000433,2024-04-03,2024-04-21,CUST00010,Customer CUST00010,PRD023,Product A,90,351.12,31600.49,USD,West,In Process,REP18
SO000434,2024-11-13,2024-12-06,CUST00062,Customer CUST00062,PRD045,Product F,67,470.14,31499.62,USD,Central,In Process,REP14
SO000435,2024-09-25,2024-10-05,CUST00007,Customer CUST00007,PRD070,Product F,74,334.36,24742.99,USD,West,In Process,REP05
SO000436,2024-12-05,2024-12-23,CUST00033,Customer CUST00033,PRD035,Product H,1,237.36,237.36,USD,Central,Delivered,REP15
SO000437,2024-01-05,2024-01-25,CUST00050,Customer CUST00050,PRD029,Product F,89,449.98,40048.26,USD,East,Delivered,REP07
SO000438,2024-04-13,2024-05-02,CUST00018,Customer CUST00018,PRD048,Product B,8,132.01,1056.11,USD,Central,Open,REP12
SO000439,2024-10-25,2024-11-10,CUST00067,Customer CUST00067,PRD035,Product C,95,29.77,2828.33,USD,Central,In Process,REP11
SO000440,2024-07-05,2024-08-01,CUST00054,Customer CUST00054,PRD032,Product E,35,17.71,619.99,USD,South,Delivered,REP15
SO000441,2024-09-12,2024-09-29,CUST00058,Customer CUST00058,PRD083,Product C,3,316.06,948.18,USD,Central,In Process,REP04
SO000442,2024-03-01,2024-03-26,CUST00043,Customer CUST00043,PRD083,Product B,74,77.83,5759.67,USD,North,In Process,REP11
SO000443,2024-04-19,2024-04-27,CUST00055,Customer CUST00055,PRD050,Product E,63,113.7,7163.2,USD,East,In Process,REP04
SO000444,2024-09-02,2024-09-25,CUST00042,Customer CUST00042,PRD061,Product D,38,300.65,11424.61,USD,East,Cancelled,REP18
SO000445,2024-06-03,2024-07-02,CUST00054,Customer CUST00054,PRD041,Product B,87,463.27,40304.76,USD,West,Delivered,REP09
SO000446,2024-06-30,2024-07-16,CUST00022,Customer CUST00022,PRD076,Product C,65,321.61,20904.7,USD,West,In Process,REP18
SO000447,2024-07-27,2024-08-16,CUST00014,Customer CUST00014,PRD043,Product B,20,345.84,6916.87,USD,North,Delivered,REP15
SO000448,2024-09-24,2024-10-08,CUST00020,Customer CUST00020,PRD077,Product F,3,323.13,969.38,USD,South,In Process,REP02
SO000449,2024-10-19,2024-11-11,CUST00066,Customer CUST00066,PRD022,Product D,54,295.76,15971.23,USD,West,In Process,REP08
SO000450,2024-01-29,2024-02-12,CUST00090,Customer CUST00090,PRD045,Product A,84,441.68,37100.85,USD,East,In Process,REP15
SO000451,2024-06-03,2024-06-30,CUST00087,Customer CUST00087,PRD081,Product H,73,498.65,36401.2,USD,West,In Process,REP15
SO000452,2024-08-10,2024-09-08,CUST00057,Customer CUST00057,PRD053,Product H,79,425.22,33592.39,USD,West,In Process,REP12
SO000453,2024-09-29,2024-10-15,CUST00094,Customer CUST00094,PRD020,Product C,11,396.81,4364.92,USD,West,Open,REP18
SO000454,2024-12-23,2025-01-08,CUST00032,Customer CUST00032,PRD040,Product D,15,82.17,1232.48,USD,East,Cancelled,REP08
SO000455,2024-10-22,2024-11-09,CUST00056,Customer CUST00056,PRD060,Product G,11,169.86,1868.51,USD,Central,In Process,REP10
SO000456,2024-02-08,2024-03-02,CUST00036,Customer CUST00036,PRD088,Product D,26,406.42,10566.96,USD,South,In Process,REP02
SO000457,2024-01-31,2024-02-29,CUST00011,Customer CUST00011,PRD060,Product E,64,294.54,18850.72,USD,East,Open,REP17
SO000458,2024-03-05,2024-04-03,CUST00095,Customer CUST00095,PRD009,Product J,57,360.44,20545.16,USD,Central,In Process,REP13
SO000459,2024-03-29,2024-04-20,CUST00018,Customer CUST00018,PRD063,Product C,76,390.75,29697.32,USD,South,In Process,REP07
SO000460,2024-01-13,2024-02-05,CUST00032,Customer CUST00032,PRD077,Product I,40,192.02,7680.76,USD,East,Delivered,REP16
SO000461,2024-07-19,2024-08-06,CUST00044,Customer CUST00044,PRD018,Product F,83,332.46,27594.22,USD,North,Delivered,REP16
SO000462,2024-10-21,2024-10-31,CUST00059,Customer CUST00059,PRD006,Product I,96,71.74,6887.14,USD,Central,Delivered,REP19
SO000463,2024-03-17,2024-04-06,CUST00095,Customer CUST00095,PRD059,Product F,4,485.42,1941.66,USD,North,Delivered,REP06
SO000464,2024-07-09,2024-07-21,CUST00092,Customer CUST00092,PRD098,Product E,94,428.59,40287.25,USD,East,Open,REP16
SO000465,2024-04-05,2024-04-17,CUST00072,Customer CUST00072,PRD059,Product G,72,191.87,13814.86,USD,East,Cancelled,REP12
SO000466,2024-06-25,2024-07-06,CUST00062,Customer CUST00062,PRD022,Product D,89,22.37,1990.6,USD,Central,Delivered,REP04
SO000467,2024-01-13,2024-02-01,CUST00042,Customer CUST00042,PRD036,Product B,49,317.39,15552.17,USD,Central,In Process,REP01
SO000468,2024-09-29,2024-10-13,CUST00091,Customer CUST00091,PRD059,Product G,46,308.87,14208.08,USD,East,In Process,REP13
SO000469,2024-08-16,2024-09-08,CUST00028,Customer CUST00028,PRD017,Product I,61,85.7,5227.77,USD,South,Delivered,REP07
SO000470,2024-01-13,2024-02-06,CUST00093,Customer CUST00093,PRD081,Product B,13,340.46,4425.93,USD,Central,Open,REP08
SO000471,2024-04-25,2024-05-16,CUST00073,Customer CUST00073,PRD052,Product D,74,389.04,28789.02,USD,Central,Open,REP01
SO000472,2024-11-08,2024-12-04,CUST00009,Customer CUST00009,PRD009,Product F,1,400.04,400.04,USD,East,In Process,REP15
SO000473,2024-05-19,2024-05-26,CUST00078,Customer CUST00078,PRD065,Product I,57,102.68,5852.66,USD,East,Open,REP11
SO000474,2024-08-19,2024-09-04,CUST00062,Customer CUST00062,PRD093,Product C,11,288.55,3174.03,USD,North,In Process,REP08
SO000475,2024-02-25,2024-03-08,CUST00086,Customer CUST00086,PRD049,Product B,37,377.22,13957.09,USD,East,Delivered,REP03
SO000476,2024-05-18,2024-06-10,CUST00021,Customer CUST00021,PRD017,Product C,66,337.26,22258.85,USD,East,Delivered,REP06
SO000477,2024-05-26,2024-06-07,CUST00028,Customer CUST00028,PRD086,Product B,38,474.11,18016.15,USD,East,Delivered,REP17
SO000478,2024-10-25,2024-11-04,CUST00058,Customer CUST00058,PRD060,Product D,58,360.86,20930.14,USD,North,In Process,REP14
SO000479,2024-03-23,2024-04-01,CUST00056,Customer CUST00056,PRD072,Product A,42,178.26,7486.9,USD,North,Cancelled,REP16
SO000480,2024-05-16,2024-06-06,CUST00016,Customer CUST00016,PRD034,Product H,76,143.75,10924.66,USD,Central,In Process,REP03
SO000481,2024-09-06,2024-10-04,CUST00073,Customer CUST00073,PRD024,Product J,20,379.4,7587.91,USD,South,Open,REP05
SO000482,2024-07-13,2024-08-04,CUST00015,Customer CUST00015,PRD034,Product C,76,433.83,32971.21,USD,West,In Process,REP18
SO000483,2024-12-05,2024-12-23,CUST00087,Customer CUST00087,PRD066,Product D,87,156.44,13610.28,USD,North,In Process,REP03
SO000484,2024-05-28,2024-06-23,CUST00049,Customer CUST00049,PRD038,Product D,86,94.94,8164.68,USD,Central,Delivered,REP15
SO000485,2024-09-06,2024-09-26,CUST00052,Customer CUST00052,PRD047,Product I,21,295.97,6215.3,USD,South,Delivered,REP04
SO000486,2024-03-31,2024-04-24,CUST00021,Customer CUST00021,PRD010,Product C,86,266.34,22905.25,USD,East,In Process,REP17
SO000487,2024-07-18,2024-08-16,CUST00075,Customer CUST00075,PRD093,Product E,53,237.35,12579.6,USD,East,Cancelled,REP05
SO000488,2024-03-13,2024-04-04,CUST00002,Customer CUST00002,PRD076,Product A,60,312.3,18738.15,USD,East,Delivered,REP07
SO000489,2024-03-30,2024-04-18,CUST00072,Customer CUST00072,PRD058,Product F,92,491.95,45259.21,USD,North,Open,REP15
SO000490,2024-06-10,2024-07-09,CUST00031,Customer CUST00031,PRD065,Product D,89,349.09,31068.61,USD,Central,Delivered,REP10
SO000491,2024-06-30,2024-07-16,CUST00021,Customer CUST00021,PRD062,Product A,22,243.9,5365.84,USD,Central,Delivered,REP15
SO000492,2024-09-29,2024-10-22,CUST00090,Customer CUST00090,PRD014,Product A,38,238.68,9069.83,USD,Central,Delivered,REP15
SO000493,2024-03-12,2024-04-02,CUST00054,Customer CUST00054,PRD069,Product A,31,158.61,4916.91,USD,East,Open,REP17
SO000494,2024-08-04,2024-08-12,CUST00026,Customer CUST00026,PRD018,Product E,90,209.8,18881.69,USD,East,Delivered,REP04
SO000495,2024-09-29,2024-10-19,CUST00078,Customer CUST00078,PRD035,Product G,44,67.02,2948.69,USD,East,Delivered,REP17
SO000496,2024-04-09,2024-04-18,CUST00032,Customer CUST00032,PRD071,Product J,48,32.93,1580.4,USD,Central,In Process,REP11
SO000497,2024-02-19,2024-02-26,CUST00099,Customer CUST00099,PRD068,Product D,13,270.51,3516.68,USD,Central,Open,REP08
SO000498,2024-07-05,2024-07-27,CUST00092,Customer CUST00092,PRD003,Product D,45,117.84,5302.96,USD,Central,Delivered,REP08
SO000499,2024-10-06,2024-10-27,CUST00043,Customer CUST00043,PRD057,Product I,45,419.88,18894.79,USD,West,Cancelled,REP16
SO000500,2024-10-12,2024-10-28,CUST00018,Customer CUST00018,PRD045,Product B,69,392.67,27094.39,USD,West,In Process,REP05
